count_nintendo_games,name_column,platform_column,year_game,genre_column,transform_date
0,WII SPORTS,Wii,2006,Sports,2026-08-16
1,SUPER MARIO BROS.,NES,1985,Platform,2026-08-16
2,MARIO KART WII,Wii,2008,Racing,2026-08-16
3,WII SPORTS RESORT,Wii,2009,Sports,2026-08-16
4,POKEMON RED/POKEMON BLUE,GB,1996,Role-Playing,2026-08-16
5,TETRIS,GB,1989,Puzzle,2026-08-16
6,NEW SUPER MARIO BROS.,DS,2006,Platform,2026-08-16
7,WII PLAY,Wii,2006,Misc,2026-08-16
8,NEW SUPER MARIO BROS. WII,Wii,2009,Platform,2026-08-16
9,DUCK HUNT,NES,1984,Shooter,2026-08-16
10,NINTENDOGS,DS,2005,Simulation,2026-08-16
11,MARIO KART DS,DS,2005,Racing,2026-08-16
12,POKEMON GOLD/POKEMON SILVER,GB,1999,Role-Playing,2026-08-16
13,WII FIT,Wii,2007,Sports,2026-08-16
14,WII FIT PLUS,Wii,2009,Sports,2026-08-16
15,SUPER MARIO WORLD,SNES,1990,Platform,2026-08-16
16,BRAIN AGE: TRAIN YOUR BRAIN IN MINUTES A DAY,DS,2005,Misc,2026-08-16
17,POKEMON DIAMOND/POKEMON PEARL,DS,2006,Role-Playing,2026-08-16
18,SUPER MARIO LAND,GB,1989,Platform,2026-08-16
19,SUPER MARIO BROS. 3,NES,1988,Platform,2026-08-16
20,POKEMON RUBY/POKEMON SAPPHIRE,GBA,2002,Role-Playing,2026-08-16
21,POKEMON BLACK/POKEMON WHITE,DS,2010,Role-Playing,2026-08-16
22,BRAIN AGE 2: MORE TRAINING IN MINUTES A DAY,DS,2005,Puzzle,2026-08-16
23,POKÉMON YELLOW: SPECIAL PIKACHU EDITION,GB,1998,Role-Playing,2026-08-16
24,POKEMON X/POKEMON Y,3DS,2013,Role-Playing,2026-08-16
25,SUPER SMASH BROS. BRAWL,Wii,2008,Fighting,2026-08-16
26,ANIMAL CROSSING: WILD WORLD,DS,2005,Simulation,2026-08-16
27,MARIO KART 7,3DS,2011,Racing,2026-08-16
28,POKEMON HEARTGOLD/POKEMON SOULSILVER,DS,2009,Action,2026-08-16
29,SUPER MARIO 64,N64,1996,Platform,2026-08-16
30,SUPER MARIO GALAXY,Wii,2007,Platform,2026-08-16
31,POKEMON OMEGA RUBY/POKEMON ALPHA SAPPHIRE,3DS,2014,Role-Playing,2026-08-16
32,SUPER MARIO LAND 2: 6 GOLDEN COINS,GB,1992,Adventure,2026-08-16
33,SUPER MARIO 3D LAND,3DS,2011,Platform,2026-08-16
34,SUPER MARIO ALL-STARS,SNES,1993,Platform,2026-08-16
35,POKEMON FIRERED/POKEMON LEAFGREEN,GBA,2004,Role-Playing,2026-08-16
36,SUPER MARIO 64,DS,2004,Platform,2026-08-16
37,MARIO KART 64,N64,1996,Racing,2026-08-16
38,NEW SUPER MARIO BROS. 2,3DS,2012,Platform,2026-08-16
39,DONKEY KONG COUNTRY,SNES,1994,Platform,2026-08-16
40,ANIMAL CROSSING: NEW LEAF,3DS,2012,Simulation,2026-08-16
41,MARIO PARTY DS,DS,2007,Misc,2026-08-16
42,SUPER MARIO KART,SNES,1992,Racing,2026-08-16
43,WII PARTY,Wii,2010,Misc,2026-08-16
44,MARIO PARTY 8,Wii,2007,Misc,2026-08-16
45,POKEMON BLACK 2/POKEMON WHITE 2,DS,2012,Role-Playing,2026-08-16
46,GOLDENEYE 007,N64,1997,Shooter,2026-08-16
47,POKÉMON PLATINUM VERSION,DS,2008,Role-Playing,2026-08-16
48,SUPER MARIO GALAXY 2,Wii,2010,Platform,2026-08-16
49,THE LEGEND OF ZELDA: OCARINA OF TIME,N64,1998,Action,2026-08-16
50,SUPER MARIO BROS. 2,NES,1988,Platform,2026-08-16
51,SUPER SMASH BROS. FOR WII U AND 3DS,3DS,2014,Fighting,2026-08-16
52,THE LEGEND OF ZELDA: TWILIGHT PRINCESS,Wii,2006,Action,2026-08-16
53,SUPER SMASH BROS. MELEE,GC,2001,Fighting,2026-08-16
54,MARIO KART 8,WiiU,2014,Racing,2026-08-16
55,MARIO KART: DOUBLE DASH!!,GC,2003,Racing,2026-08-16
56,BIG BRAIN ACADEMY,DS,2005,Misc,2026-08-16
57,DONKEY KONG COUNTRY RETURNS,Wii,2010,Platform,2026-08-16
58,THE LEGEND OF ZELDA,NES,1986,Action,2026-08-16
59,POKÉMON EMERALD VERSION,GBA,2004,Role-Playing,2026-08-16
60,POKÉMON CRYSTAL VERSION,GB,2000,Role-Playing,2026-08-16
61,SUPER MARIO SUNSHINE,GC,2002,Platform,2026-08-16
62,DRAGON QUEST IX: SENTINELS OF THE STARRY SKIES,DS,2009,Role-Playing,2026-08-16
63,TETRIS,NES,1988,Puzzle,2026-08-16
64,SUPER SMASH BROS.,N64,1999,Fighting,2026-08-16
65,SUPER MARIO ADVANCE,GBA,2001,Platform,2026-08-16
66,MARIO KART: SUPER CIRCUIT,GBA,2001,Racing,2026-08-16
67,SUPER MARIO WORLD,GBA,2001,Platform,2026-08-16
68,POKEMON STADIUM,N64,1999,Strategy,2026-08-16
69,DR. MARIO,GB,1989,Puzzle,2026-08-16
70,POKEMON PINBALL,GB,1999,Misc,2026-08-16
71,DONKEY KONG 64,N64,1999,Platform,2026-08-16
72,PROFESSOR LAYTON AND THE CURIOUS VILLAGE,DS,2007,Puzzle,2026-08-16
73,SUPER MARIO BROS. 3,GBA,2003,Platform,2026-08-16
74,NEW SUPER MARIO BROS. U,WiiU,2012,Platform,2026-08-16
75,SUPER MARIO LAND 3: WARIO LAND,GB,1994,Platform,2026-08-16
76,THE LEGEND OF ZELDA: PHANTOM HOURGLASS,DS,2007,Action,2026-08-16
77,DONKEY KONG COUNTRY 2: DIDDY'S KONG QUEST,SNES,1995,Platform,2026-08-16
78,TOMODACHI LIFE,3DS,2013,Simulation,2026-08-16
79,KIRBY'S DREAM LAND,GB,1992,Platform,2026-08-16
80,SUPER MARIO BROS.,GB,1999,Platform,2026-08-16
81,SUPER SMASH BROS. FOR WII U AND 3DS,WiiU,2014,Fighting,2026-08-16
82,LINK'S CROSSBOW TRAINING,Wii,2007,Shooter,2026-08-16
83,POKEMON MYSTERY DUNGEON: EXPLORERS OF TIME/EXPLORERS OF DARKNESS,DS,2007,Role-Playing,2026-08-16
84,DIDDY KONG RACING,N64,1997,Racing,2026-08-16
85,DR. MARIO,NES,1990,Puzzle,2026-08-16
86,ANIMAL CROSSING: CITY FOLK,Wii,2008,Simulation,2026-08-16
87,THE LEGEND OF ZELDA: A LINK TO THE PAST,SNES,1991,Action,2026-08-16
88,THE LEGEND OF ZELDA: THE WIND WAKER,GC,2002,Action,2026-08-16
89,LUIGI'S MANSION: DARK MOON,3DS,2013,Action,2026-08-16
90,SPLATOON,WiiU,2015,Shooter,2026-08-16
91,NINTENDO LAND,WiiU,2012,Misc,2026-08-16
92,ZELDA II: THE ADVENTURE OF LINK,NES,1987,Adventure,2026-08-16
93,SUPER MARIO 3D WORLD,WiiU,2013,Platform,2026-08-16
94,THE LEGEND OF ZELDA: OCARINA OF TIME,3DS,2011,Action,2026-08-16
95,EXCITEBIKE,NES,1984,Racing,2026-08-16
96,SUPER MARIO WORLD 2: YOSHI'S ISLAND,SNES,1995,Platform,2026-08-16
97,THE LEGEND OF ZELDA: SKYWARD SWORD,Wii,2011,Action,2026-08-16
98,STAR FOX 64,N64,1997,Shooter,2026-08-16
99,GOLF,NES,1984,Sports,2026-08-16
100,PROFESSOR LAYTON AND THE DIABOLICAL BOX,DS,2007,Puzzle,2026-08-16
101,DONKEY KONG LAND,GB,1994,Platform,2026-08-16
102,MONSTER HUNTER 4 ULTIMATE,3DS,2014,Role-Playing,2026-08-16
103,FLASH FOCUS: VISION TRAINING IN MINUTES A DAY,DS,2007,Misc,2026-08-16
104,THE LEGEND OF ZELDA: LINK'S AWAKENING,GB,1992,Action,2026-08-16
105,MARIO & LUIGI: BOWSER'S INSIDE STORY,DS,2009,Role-Playing,2026-08-16
106,BIG BRAIN ACADEMY: WII DEGREE,Wii,2007,Misc,2026-08-16
107,NINTENDOGS + CATS,3DS,2011,Simulation,2026-08-16
108,SUPER PAPER MARIO,Wii,2007,Platform,2026-08-16
109,POKÉMON TRADING CARD GAME,GB,1998,Strategy,2026-08-16
110,FRIEND COLLECTION,DS,2009,Misc,2026-08-16
111,BANJO-KAZOOIE,N64,1998,Platform,2026-08-16
112,POKEMON SNAP,N64,1999,Simulation,2026-08-16
113,LUIGI'S MANSION,GC,2001,Action,2026-08-16
114,DONKEY KONG COUNTRY 3: DIXIE KONG'S DOUBLE TROUBLE!,SNES,1996,Platform,2026-08-16
115,KUNG FU,NES,1985,Action,2026-08-16
116,CLUBHOUSE GAMES,DS,2006,Misc,2026-08-16
117,F-1 RACE,GB,1990,Racing,2026-08-16
118,THE LEGEND OF ZELDA: SPIRIT TRACKS,DS,2009,Action,2026-08-16
119,THE LEGEND OF ZELDA: MAJORA'S MASK,N64,2000,Action,2026-08-16
120,PROFESSOR LAYTON AND THE UNWOUND FUTURE,DS,2008,Puzzle,2026-08-16
121,ENGLISH TRAINING: HAVE FUN IMPROVING YOUR SKILLS!,DS,2006,Misc,2026-08-16
122,MARIO PARTY 9,Wii,2012,Misc,2026-08-16
123,WII MUSIC,Wii,2008,Misc,2026-08-16
124,YOKAI WATCH 2 GANSO/HONKE,3DS,2014,Role-Playing,2026-08-16
125,BASEBALL,NES,1983,Sports,2026-08-16
126,KILLER INSTINCT,SNES,1995,Fighting,2026-08-16
127,SUPER MARIO MAKER,WiiU,2015,Platform,2026-08-16
128,RHYTHM HEAVEN,DS,2008,Misc,2026-08-16
129,ANIMAL CROSSING,GC,2001,Simulation,2026-08-16
130,STAR WARS EPISODE I RACER,N64,1999,Racing,2026-08-16
131,PERSONAL TRAINER: COOKING,DS,2006,Misc,2026-08-16
132,THE LEGEND OF ZELDA: A LINK BETWEEN WORLDS,3DS,2013,Action,2026-08-16
133,DONKEY KONG,GB,1994,Platform,2026-08-16
134,MIKE TYSON'S PUNCH-OUT!!,NES,1987,Fighting,2026-08-16
135,STAR FOX,SNES,1993,Shooter,2026-08-16
136,ANIMAL CROSSING: HAPPY HOME DESIGNER,3DS,2015,Simulation,2026-08-16
137,KIRBY SUPER STAR ULTRA,DS,2008,Platform,2026-08-16
138,WAVE RACE 64,N64,1996,Racing,2026-08-16
139,WARIOWARE: SMOOTH MOVES,Wii,2006,Puzzle,2026-08-16
140,SUPER MARIO WORLD 2: YOSHI'S ISLAND,GBA,2002,Platform,2026-08-16
141,F-ZERO,SNES,1990,Racing,2026-08-16
142,YOSHI'S STORY,N64,1997,Platform,2026-08-16
143,METROID PRIME,GC,2002,Shooter,2026-08-16
144,YOSHI'S ISLAND DS,DS,2006,Platform,2026-08-16
145,PROFESSOR LAYTON AND THE LAST SPECTER,DS,2009,Puzzle,2026-08-16
146,MONSTER HUNTER TRI,3DS,2011,Role-Playing,2026-08-16
147,MARIO PAINT,SNES,1992,Misc,2026-08-16
148,POKÉMON STADIUM 2,N64,2000,Strategy,2026-08-16
149,METROID,NES,1986,Action,2026-08-16
150,THE LEGEND OF ZELDA: A LINK TO THE PAST,GBA,2002,Action,2026-08-16
151,MARIO PARTY,N64,1998,Misc,2026-08-16
152,MARIO VS. DONKEY KONG: MINI-LAND MAYHEM!,DS,2010,Puzzle,2026-08-16
153,SUPER MARIO BROS.: THE LOST LEVELS,NES,1986,Platform,2026-08-16
154,STAR WARS: SHADOWS OF THE EMPIRE,N64,1996,Action,2026-08-16
155,MARIO STRIKERS CHARGED,Wii,2007,Sports,2026-08-16
156,STYLE SAVVY,DS,2008,Simulation,2026-08-16
157,SUPER MARIO ALL-STARS: LIMITED EDITION,Wii,2010,Platform,2026-08-16
158,ART ACADEMY,DS,2010,Misc,2026-08-16
159,POKÉMON COLOSSEUM,GC,2003,Role-Playing,2026-08-16
160,PERFECT DARK,N64,2000,Action,2026-08-16
161,MARIO PARTY 2,N64,1999,Misc,2026-08-16
162,MARIO PARTY 4,GC,2002,Misc,2026-08-16
163,ICE HOCKEY,NES,1988,Sports,2026-08-16
164,PRO WRESTLING,NES,1987,Fighting,2026-08-16
165,KIRBY'S DREAM LAND 2,GB,1995,Platform,2026-08-16
166,DONKEY KONG LAND II,GB,1996,Platform,2026-08-16
167,THE LEGEND OF ZELDA: MAJORA'S MASK 3D,3DS,2015,Action,2026-08-16
168,MARIO TENNIS,N64,2000,Sports,2026-08-16
169,WARIOWARE TOUCHED!,DS,2004,Puzzle,2026-08-16
170,POKEMON RANGER: SHADOWS OF ALMIA,DS,2008,Role-Playing,2026-08-16
171,MARIO BROS.,NES,1983,Platform,2026-08-16
172,PAPER MARIO: STICKER STAR,3DS,2012,Role-Playing,2026-08-16
173,KIRBY: NIGHTMARE IN DREAM LAND,GBA,2002,Platform,2026-08-16
174,WARIO LAND 4,GBA,2001,Platform,2026-08-16
175,PAPER MARIO: THE THOUSAND-YEAR DOOR,GC,2004,Role-Playing,2026-08-16
176,MONSTER HUNTER TRI,Wii,2009,Role-Playing,2026-08-16
177,NEW SUPER LUIGI U,WiiU,2013,Platform,2026-08-16
178,THE LEGEND OF ZELDA: LINK'S AWAKENING DX,GB,1998,Adventure,2026-08-16
179,WARIO LAND 3,GB,2000,Platform,2026-08-16
180,KIRBY'S PINBALL LAND,GB,1992,Misc,2026-08-16
181,DONKEY KONG COUNTRY,GB,2000,Platform,2026-08-16
182,POKEMON RANGER,DS,2006,Role-Playing,2026-08-16
183,MARIO & LUIGI: SUPERSTAR SAGA,GBA,2003,Role-Playing,2026-08-16
184,STAR WARS: ROGUE SQUADRON,N64,1998,Simulation,2026-08-16
185,TENNIS,NES,1984,Sports,2026-08-16
186,VOLLEYBALL,NES,1987,Sports,2026-08-16
187,SUPER MARIO RPG: LEGEND OF THE SEVEN STARS,SNES,1996,Role-Playing,2026-08-16
188,MAHJONG,NES,1983,Misc,2026-08-16
189,R.C. PRO-AM,NES,1988,Racing,2026-08-16
190,TETRIS DS,DS,2006,Puzzle,2026-08-16
191,KIRBY'S EPIC YARN,Wii,2010,Platform,2026-08-16
192,GOLF,GB,1989,Sports,2026-08-16
193,MARIO SPORTS MIX,Wii,2010,Sports,2026-08-16
194,MARIO PARTY 5,GC,2003,Misc,2026-08-16
195,POKEMON MYSTERY DUNGEON: RED/BLUE RESCUE TEAM,GBA,2005,Role-Playing,2026-08-16
196,MARIO & LUIGI: DREAM TEAM,3DS,2013,Role-Playing,2026-08-16
197,POKÉMON MYSTERY DUNGEON: BLUE RESCUE TEAM,DS,2005,Role-Playing,2026-08-16
198,DONKEY KONG COUNTRY,GBA,2003,Platform,2026-08-16
199,1080°: TENEIGHTY SNOWBOARDING,N64,1998,Sports,2026-08-16
200,FIRE EMBLEM: AWAKENING,3DS,2012,Role-Playing,2026-08-16
201,SUPER STREET FIGHTER II,SNES,1993,Fighting,2026-08-16
202,TENNIS,GB,1989,Sports,2026-08-16
203,SIMCITY,SNES,1991,Simulation,2026-08-16
204,RAD RACER,NES,1986,Racing,2026-08-16
205,SOCCER,NES,1985,Sports,2026-08-16
206,KIRBY SQUEAK SQUAD,DS,2006,Platform,2026-08-16
207,ALLEYWAY,GB,1989,Puzzle,2026-08-16
208,TETRIS DX,GB,1998,Puzzle,2026-08-16
209,MARIO SUPER SLUGGERS,Wii,2008,Sports,2026-08-16
210,THE LEGEND OF ZELDA: ORACLE OF AGES,GB,2001,Action,2026-08-16
211,MARIO PARTY 3,N64,2000,Misc,2026-08-16
212,YOKAI WATCH,3DS,2013,Role-Playing,2026-08-16
213,STAR FOX ADVENTURES,GC,2002,Adventure,2026-08-16
214,DONKEY KONG COUNTRY RETURNS,3DS,2013,Platform,2026-08-16
215,THE LEGEND OF ZELDA: ORACLE OF SEASONS,GB,2001,Adventure,2026-08-16
216,MARIO PARTY: ISLAND TOUR,3DS,2013,Misc,2026-08-16
217,PINBALL,NES,1984,Action,2026-08-16
218,"HEY YOU, PIKACHU!",N64,1998,Simulation,2026-08-16
219,KIRBY: TRIPLE DELUXE,3DS,2014,Platform,2026-08-16
220,METROID PRIME 3: CORRUPTION,Wii,2007,Shooter,2026-08-16
221,DRAGON QUEST VI: REALMS OF REVELATION,DS,2010,Role-Playing,2026-08-16
222,PROFESSOR LAYTON AND THE MASK OF MIRACLE,3DS,2011,Puzzle,2026-08-16
223,THE LEGEND OF ZELDA: THE WIND WAKER,WiiU,2013,Action,2026-08-16
224,WII PARTY U,WiiU,2013,Misc,2026-08-16
225,KIRBY 64: THE CRYSTAL SHARDS,N64,2000,Platform,2026-08-16
226,METROID II: RETURN OF SAMUS,GB,1991,Adventure,2026-08-16
227,GOLDEN SUN,GBA,2001,Role-Playing,2026-08-16
228,KID ICARUS,NES,1986,Platform,2026-08-16
229,YOSHI,NES,1991,Puzzle,2026-08-16
230,KIRBY'S ADVENTURE,NES,1993,Platform,2026-08-16
231,CRUIS'N USA,N64,1996,Racing,2026-08-16
232,KANSHUU NIPPON JOUSHIKIRYOKU KENTEI KYOUKAI: IMASARA HITO NI WA KIKENAI OTONA NO JOUSHIKIRYOKU TRAINING DS,DS,2006,Misc,2026-08-16
233,PERSONAL TRAINER: MATH,DS,2007,Puzzle,2026-08-16
234,KIRBY'S RETURN TO DREAMLAND,Wii,2011,Platform,2026-08-16
235,YOSHI'S COOKIE,GB,1992,Puzzle,2026-08-16
236,METROID FUSION,GBA,2002,Action,2026-08-16
237,MARIO PARTY 6,GC,2004,Misc,2026-08-16
238,SUPER SCOPE 6,SNES,1991,Shooter,2026-08-16
239,KIRBY & THE AMAZING MIRROR,GBA,2004,Platform,2026-08-16
240,PIKMIN,GC,2001,Strategy,2026-08-16
241,MARIO HOOPS 3 ON 3,DS,2006,Sports,2026-08-16
242,KIRBY AIR RIDE,GC,2003,Racing,2026-08-16
243,POKEMON BATTLE REVOLUTION,Wii,2006,Role-Playing,2026-08-16
244,BASEBALL,GB,1989,Sports,2026-08-16
245,SUPER MARIO STRIKERS,GC,2005,Sports,2026-08-16
246,THE LEGEND OF ZELDA: TWILIGHT PRINCESS,GC,2006,Action,2026-08-16
247,POKEMON MYSTERY DUNGEON: EXPLORERS OF SKY,DS,2009,Role-Playing,2026-08-16
248,MARIO PARTY 7,GC,2005,Misc,2026-08-16
249,DONKEY KONG CLASSICS,NES,1988,Platform,2026-08-16
250,POKEMON PINBALL: RUBY & SAPPHIRE,GBA,2003,Misc,2026-08-16
251,MARIO PARTY 10,WiiU,2015,Misc,2026-08-16
252,FIRE EMBLEM FATES,3DS,2015,Role-Playing,2026-08-16
253,MARIO GOLF: TOADSTOOL TOUR,GC,2003,Sports,2026-08-16
254,DONKEY KONG COUNTRY: TROPICAL FREEZE,WiiU,2014,Platform,2026-08-16
255,F1 RACE,NES,1984,Racing,2026-08-16
256,ICE CLIMBER,NES,1985,Platform,2026-08-16
257,FINAL FANTASY: CRYSTAL CHRONICLES,GC,2003,Role-Playing,2026-08-16
258,BANJO-TOOIE,N64,2000,Platform,2026-08-16
259,NEW PLAY CONTROL! MARIO POWER TENNIS,Wii,2009,Sports,2026-08-16
260,NINTENDO WORLD CUP,NES,1990,Sports,2026-08-16
261,WARIO LAND II,GB,1997,Platform,2026-08-16
262,MARIO GOLF,N64,1999,Action,2026-08-16
263,MARIO SUPERSTAR BASEBALL,GC,2005,Sports,2026-08-16
264,LEGO CITY UNDERCOVER,3DS,2013,Platform,2026-08-16
265,4 NIN UCHI MAHJONG,NES,1984,Misc,2026-08-16
266,KIRBY SUPER STAR,SNES,1996,Platform,2026-08-16
267,CLASSIC NES SERIES: SUPER MARIO BROS.,GBA,2004,Platform,2026-08-16
268,THE LEGEND OF ZELDA: THE MINISH CAP,GBA,2004,Action,2026-08-16
269,SUPER METROID,SNES,1994,Action,2026-08-16
270,INAZUMA ELEVEN 2,DS,2009,Role-Playing,2026-08-16
271,METROID: OTHER M,Wii,2010,Action,2026-08-16
272,PAPER MARIO,N64,2000,Role-Playing,2026-08-16
273,BRAVELY DEFAULT: FLYING FAIRY,3DS,2012,Role-Playing,2026-08-16
274,POCKET MONSTERS STADIUM,N64,1998,Strategy,2026-08-16
275,YOSHI'S NEW ISLAND,3DS,2014,Platform,2026-08-16
276,MARIO & LUIGI: PARTNERS IN TIME,DS,2005,Role-Playing,2026-08-16
277,DONKEY KONG JUNGLE BEAT,GC,2004,Platform,2026-08-16
278,METROID PRIME 2: ECHOES,GC,2004,Shooter,2026-08-16
279,POKEMON RANGER: GUARDIAN SIGNS,DS,2010,Role-Playing,2026-08-16
280,GYROMITE,NES,1985,Puzzle,2026-08-16
281,YOSHI'S WOOLLY WORLD,WiiU,2015,Platform,2026-08-16
282,MYSTERY CASE FILES: MILLIONHEIR,DS,2008,Adventure,2026-08-16
283,YAKUMAN,GB,1989,Misc,2026-08-16
284,KID ICARUS: UPRISING,3DS,2012,Action,2026-08-16
285,POKEMON MYSTERY DUNGEON: GATES TO INFINITY,3DS,2012,Role-Playing,2026-08-16
286,HOGAN'S ALLEY,NES,1984,Shooter,2026-08-16
287,HYRULE WARRIORS,WiiU,2014,Action,2026-08-16
288,POKEMON XD: GALE OF DARKNESS,GC,2005,Role-Playing,2026-08-16
289,DIDDY KONG RACING DS,DS,2007,Racing,2026-08-16
290,TETRIS 2 (ALL REGION SALES),GB,1992,Puzzle,2026-08-16
291,KIRBY TILT 'N' TUMBLE,GB,2000,Puzzle,2026-08-16
292,DONKEY KONG COUNTRY 2,GBA,2004,Platform,2026-08-16
293,"WARIOWARE, INC.: MEGA MICROGAME$",GBA,2003,Puzzle,2026-08-16
294,MARIO POWER TENNIS,GC,2004,Sports,2026-08-16
295,GAME & WATCH GALLERY 2,GB,1997,Misc,2026-08-16
296,GAME & WATCH GALLERY 3,GB,1999,Misc,2026-08-16
297,GOLDEN SUN: THE LOST AGE,GBA,2002,Role-Playing,2026-08-16
298,PIKMIN 2,GC,2004,Strategy,2026-08-16
299,SOLARSTRIKER,GB,1989,Shooter,2026-08-16
300,MARIO VS. DONKEY KONG 2: MARCH OF THE MINIS,DS,2006,Puzzle,2026-08-16
301,POKÉPARK WII: PIKACHU'S ADVENTURE,Wii,2009,Adventure,2026-08-16
302,CAPTAIN TOAD: TREASURE TRACKER,WiiU,2014,Puzzle,2026-08-16
303,KOBE BRYANT IN NBA COURTSIDE,N64,1998,Sports,2026-08-16
304,FINAL FANTASY I & II: DAWN OF SOULS,GBA,2004,Role-Playing,2026-08-16
305,POKEMON SUPER MYSTERY DUNGEON,3DS,2015,Role-Playing,2026-08-16
306,MARIO TENNIS,GB,2000,Sports,2026-08-16
307,WARIO LAND: SHAKE IT!,Wii,2008,Platform,2026-08-16
308,MARIO VS. DONKEY KONG,GBA,2004,Puzzle,2026-08-16
309,JET FORCE GEMINI,N64,1999,Shooter,2026-08-16
310,QIX,GB,1990,Puzzle,2026-08-16
311,DONKEY KONGA,GC,2003,Misc,2026-08-16
312,POKEMON RUMBLE BLAST,3DS,2011,Action,2026-08-16
313,PILOTWINGS,SNES,1990,Simulation,2026-08-16
314,SUPER R.C. PRO-AM,GB,1991,Racing,2026-08-16
315,FANTASY LIFE,3DS,2012,Role-Playing,2026-08-16
316,DONKEY KONG,NES,1983,Platform,2026-08-16
317,POKÉMON MYSTERY DUNGEON: RED RESCUE TEAM (US WEEKLY SALES),GBA,2005,Role-Playing,2026-08-16
318,PILOTWINGS 64,N64,1996,Simulation,2026-08-16
319,YOSHI'S COOKIE,NES,1992,Puzzle,2026-08-16
320,DONKEY KONG JR.,NES,1983,Platform,2026-08-16
321,PIKMIN 3,WiiU,2013,Strategy,2026-08-16
322,THE LEGEND OF ZELDA: TRI FORCE HEROES,3DS,2015,Action,2026-08-16
323,F-ZERO X,N64,1998,Racing,2026-08-16
324,POPEYE,NES,1983,Platform,2026-08-16
325,TALES OF SYMPHONIA,GC,2003,Role-Playing,2026-08-16
326,ENDLESS OCEAN,Wii,2007,Adventure,2026-08-16
327,LEGO CITY UNDERCOVER,WiiU,2013,Platform,2026-08-16
328,STAR FOX: ASSAULT,GC,2005,Shooter,2026-08-16
329,SUPER PRINCESS PEACH,DS,2005,Platform,2026-08-16
330,POKEMON CONQUEST,DS,2012,Role-Playing,2026-08-16
331,NARUTO: CLASH OF NINJA 2,GC,2003,Fighting,2026-08-16
332,F-ZERO: MAXIMUM VELOCITY,GBA,2001,Racing,2026-08-16
333,KIRBY: MASS ATTACK,DS,2011,Platform,2026-08-16
334,DONKEY KONG LAND III,GB,N/A,Platform,2026-08-16
335,BAYONETTA 2,WiiU,2014,Action,2026-08-16
336,EXCITEBIKE 64,N64,2000,Racing,2026-08-16
337,NES OPEN TOURNAMENT GOLF,NES,1991,Sports,2026-08-16
338,GAME & WATCH GALLERY,GB,1997,Misc,2026-08-16
339,XENOBLADE CHRONICLES,Wii,2010,Role-Playing,2026-08-16
340,MARIO PARTY ADVANCE,GBA,2005,Misc,2026-08-16
341,TETRIS 2,NES,1993,Puzzle,2026-08-16
342,FIRE EMBLEM,GBA,2003,Strategy,2026-08-16
343,PILOTWINGS RESORT,3DS,2011,Simulation,2026-08-16
344,WII PLAY: MOTION,Wii,2011,Misc,2026-08-16
345,STAR FOX 64 3D,3DS,2011,Shooter,2026-08-16
346,MARIO TENNIS OPEN,3DS,2012,Sports,2026-08-16
347,THE LEGEND OF ZELDA: TWILIGHT PRINCESS HD,WiiU,2016,Action,2026-08-16
348,BALLOON FIGHT,NES,1985,Platform,2026-08-16
349,DISNEY MAGICAL WORLD,3DS,2013,Adventure,2026-08-16
350,FOSSIL FIGHTERS,DS,2008,Role-Playing,2026-08-16
351,CLASSIC NES SERIES: THE LEGEND OF ZELDA,GBA,2004,Adventure,2026-08-16
352,FIRE EMBLEM: THE SACRED STONES,GBA,2004,Strategy,2026-08-16
353,POKEMON CARD GB2: HERE COMES TEAM GR!,GB,2001,Strategy,2026-08-16
354,WII FIT U,WiiU,2013,Sports,2026-08-16
355,ENDLESS OCEAN: BLUE WORLD,Wii,2009,Simulation,2026-08-16
356,THE LEGENDARY STARFY,DS,2008,Platform,2026-08-16
357,KIRBY: PLANET ROBOBOT,3DS,2016,Action,2026-08-16
358,GOLDEN SUN: DARK DAWN,DS,2010,Role-Playing,2026-08-16
359,XENOBLADE CHRONICLES X,WiiU,2015,Role-Playing,2026-08-16
360,METROID: ZERO MISSION,GBA,2004,Adventure,2026-08-16
361,CLU CLU LAND,NES,1984,Puzzle,2026-08-16
362,KILLER INSTINCT GOLD,N64,1996,Fighting,2026-08-16
363,THE LEGEND OF ZELDA: FOUR SWORDS ADVENTURES,GC,2004,Action,2026-08-16
364,EARTHBOUND,SNES,1994,Role-Playing,2026-08-16
365,MARIO & SONIC AT THE SOCHI 2014 OLYMPIC WINTER GAMES,WiiU,2013,Sports,2026-08-16
366,CAPCOM'S SOCCER SHOOTOUT,SNES,1993,Sports,2026-08-16
367,MAJOR LEAGUE BASEBALL FEATURING KEN GRIFFEY JR,N64,1998,Sports,2026-08-16
368,PERSONAL TRAINER: WALKING,DS,2008,Sports,2026-08-16
369,POKEPARK 2: WONDERS BEYOND,Wii,2011,Action,2026-08-16
370,PROFESSOR LAYTON AND THE AZRAN LEGACY,3DS,2013,Puzzle,2026-08-16
371,METROID PRIME HUNTERS,DS,2006,Shooter,2026-08-16
372,TETRIS PARTY DELUXE,DS,2010,Puzzle,2026-08-16
373,POKEMON DASH,DS,2004,Racing,2026-08-16
374,DONKEY KONG COUNTRY 3,GBA,2005,Platform,2026-08-16
375,JUMP ULTIMATE STARS,DS,2006,Fighting,2026-08-16
376,MARIO & LUIGI: PAPER JAM,3DS,2015,Role-Playing,2026-08-16
377,SWORD OF MANA,GBA,2003,Role-Playing,2026-08-16
378,CLASSIC NES SERIES: DONKEY KONG,GBA,2004,Platform,2026-08-16
379,YOSHI,GB,1991,Puzzle,2026-08-16
380,KIRBY: CANVAS CURSE,DS,2005,Platform,2026-08-16
381,PRACTISE ENGLISH!,DS,2007,Misc,2026-08-16
382,JUST DANCE WII,Wii,2011,Misc,2026-08-16
383,STYLE SAVVY: TRENDSETTERS,3DS,2012,Simulation,2026-08-16
384,MONSTER HUNTER TRI,WiiU,2012,Role-Playing,2026-08-16
385,RHYTHM HEAVEN: THE BEST+,3DS,2015,Misc,2026-08-16
386,BLAST CORPS,N64,1997,Action,2026-08-16
387,"WARIOWARE, INC.: MEGA PARTY GAME$",GC,2003,Puzzle,2026-08-16
388,ADVANCE WARS,GBA,2001,Strategy,2026-08-16
389,CLASSIC NES SERIES: ZELDA II: THE ADVENTURE OF LINK,GBA,2004,Adventure,2026-08-16
390,FIRE EMBLEM: MONSH? NO NAZO,SNES,1994,Role-Playing,2026-08-16
391,MARIO PINBALL LAND,GBA,2004,Misc,2026-08-16
392,NINTENDO PRESENTS: NEW STYLE BOUTIQUE 2 - FASHION FORWARD,3DS,2015,Misc,2026-08-16
393,KIRBY'S DREAM COLLECTION: SPECIAL EDITION,Wii,2012,Action,2026-08-16
394,THE LAST STORY,Wii,2011,Role-Playing,2026-08-16
395,FOSSIL FIGHTERS: CHAMPIONS,DS,2010,Role-Playing,2026-08-16
396,100 CLASSIC BOOKS,DS,2008,Misc,2026-08-16
397,WARIO: MASTER OF DISGUISE,DS,2007,Platform,2026-08-16
398,NEW PLAY CONTROL! PIKMIN,Wii,2008,Strategy,2026-08-16
399,F-ZERO GX,GC,2003,Racing,2026-08-16
400,YOSHI TOPSY-TURVY,GBA,2004,Platform,2026-08-16
401,ADVANCE WARS 2: BLACK HOLE RISING,GBA,2003,Strategy,2026-08-16
402,FIRE EMBLEM: SHADOW DRAGON,DS,2008,Role-Playing,2026-08-16
403,CRUIS'N WORLD,N64,1998,Racing,2026-08-16
404,DONKEY KONG BARREL BLAST,Wii,2007,Racing,2026-08-16
405,METROID PRIME: TRILOGY,Wii,2009,Shooter,2026-08-16
406,ADVANCE WARS: DAYS OF RUIN,DS,N/A,Strategy,2026-08-16
407,MARIO'S PICROSS,GB,1995,Puzzle,2026-08-16
408,GANBARU WATASHI NO KAKEI DIARY,DS,2007,Misc,2026-08-16
409,NEW PLAY CONTROL! DONKEY KONG JUNGLE BEAT,Wii,2008,Platform,2026-08-16
410,FINAL FANTASY IV ADVANCE,GBA,2005,Role-Playing,2026-08-16
411,GAME & WATCH GALLERY 4,GBA,2002,Misc,2026-08-16
412,NEW PLAY CONTROL! PIKMIN 2,Wii,2009,Strategy,2026-08-16
413,WAVE RACE: BLUE STORM,GC,2001,Racing,2026-08-16
414,WARIOWARE D.I.Y.,DS,2009,Misc,2026-08-16
415,MICKEY'S SPEEDWAY USA,N64,2000,Racing,2026-08-16
416,POKEMON TROZEI!,DS,2005,Puzzle,2026-08-16
417,KIRBY'S DREAM COURSE,SNES,1994,Sports,2026-08-16
418,FIRE EMBLEM: SEISEN NO KEIFU,SNES,1996,Strategy,2026-08-16
419,ROOMS: THE MAIN BUILDING,DS,2010,Adventure,2026-08-16
420,TETRIS PARTY DELUXE,Wii,2010,Puzzle,2026-08-16
421,THE MYSTERIOUS MURASAME CASTLE,NES,1986,Action,2026-08-16
422,DONKEY KONG JUNGLE CLIMBER,DS,2007,Platform,2026-08-16
423,CLASSIC NES SERIES: DR. MARIO,GBA,2004,Puzzle,2026-08-16
424,HOTEL DUSK: ROOM 215,DS,2007,Adventure,2026-08-16
425,XENOBLADE CHRONICLES,3DS,2015,Role-Playing,2026-08-16
426,HAMTARO: HAM-HAMS UNITE!,GB,2001,Role-Playing,2026-08-16
427,DS BIMOJI TRAINING,DS,2008,Misc,2026-08-16
428,JUMP SUPER STARS,DS,2005,Fighting,2026-08-16
429,EXCITE TRUCK,Wii,2006,Racing,2026-08-16
430,INAZUMA ELEVEN,DS,2008,Role-Playing,2026-08-16
431,FIRE EMBLEM: PATH OF RADIANCE,GC,2005,Action,2026-08-16
432,STAR FOX COMMAND,DS,2006,Shooter,2026-08-16
433,INAZUMA ELEVEN GO,3DS,2011,Role-Playing,2026-08-16
434,KIRBY AND THE RAINBOW CURSE,WiiU,2015,Platform,2026-08-16
435,PICROSS 3D,DS,2009,Puzzle,2026-08-16
436,WAYNE GRETZKY'S 3D HOCKEY,N64,1996,Sports,2026-08-16
437,MARIO TENNIS: POWER TOUR,GBA,2005,Sports,2026-08-16
438,NARUTO SHIPPUDEN: CLASH OF NINJA REVOLUTION 3,Wii,2009,Fighting,2026-08-16
439,KENKOU OUEN RECIPE 1000: DS KONDATE ZENSHUU,DS,2006,Misc,2026-08-16
440,JAM WITH THE BAND,DS,2008,Misc,2026-08-16
441,FIRE EMBLEM: RADIANT DAWN,Wii,2007,Strategy,2026-08-16
442,WRECKING CREW,NES,1985,Platform,2026-08-16
443,PICROSS DS,DS,2007,Puzzle,2026-08-16
444,TACTICS OGRE: THE KNIGHT OF LODIS,GBA,2001,Role-Playing,2026-08-16
445,FORTUNE STREET,Wii,2011,Misc,2026-08-16
446,MARIO & WARIO,SNES,1993,Puzzle,2026-08-16
447,POKEMON ART ACADEMY,3DS,2014,Misc,2026-08-16
448,STEEL DIVER,3DS,2011,Action,2026-08-16
449,CHILDREN OF MANA,DS,2006,Role-Playing,2026-08-16
450,MARIO GOLF: WORLD TOUR,3DS,2014,Sports,2026-08-16
451,FLINGSMASH,Wii,2010,Action,2026-08-16
452,BRAVELY SECOND: END LAYER,3DS,2015,Role-Playing,2026-08-16
453,DENSETSU NO STAFI,GBA,2002,Platform,2026-08-16
454,BOMBERMAN HERO,N64,1998,Platform,2026-08-16
455,DANCE DANCE REVOLUTION: MARIO MIX,GC,2005,Misc,2026-08-16
456,CLASSIC NES SERIES: PAC-MAN,GBA,2004,Puzzle,2026-08-16
457,ART ACADEMY: LESSONS FOR EVERYONE,3DS,2012,Action,2026-08-16
458,MARIO & SONIC AT THE RIO 2016 OLYMPIC GAMES,3DS,2016,Action,2026-08-16
459,MOTHER 1+2,GBA,2003,Role-Playing,2026-08-16
460,PUZZLE & DRAGONS Z + SUPER MARIO BROS. EDITION,3DS,2015,Puzzle,2026-08-16
461,SAMURAI WARRIORS 3,Wii,2009,Action,2026-08-16
462,POKEMON PUZZLE LEAGUE,N64,2000,Puzzle,2026-08-16
463,MARIO TENNIS ULTRA SMASH,WiiU,2015,Sports,2026-08-16
464,MARIO GOLF: ADVANCE TOUR,GBA,2004,Sports,2026-08-16
465,DENSETSU NO STAFI 2,GBA,2003,Platform,2026-08-16
466,SIN AND PUNISHMENT: STAR SUCCESSOR,Wii,2009,Shooter,2026-08-16
467,WARIO WORLD,GC,2003,Platform,2026-08-16
468,ETERNAL DARKNESS: SANITY'S REQUIEM,GC,2002,Adventure,2026-08-16
469,MASTER OF ILLUSION,DS,2006,Puzzle,2026-08-16
470,CLASSIC NES SERIES: METROID,GBA,2004,Adventure,2026-08-16
471,MISCHIEF MAKERS,N64,1997,Platform,2026-08-16
472,FAMICOM MINI: SUPER MARIO BROS. 2,GBA,2004,Platform,2026-08-16
473,DR. MARIO 64,N64,2001,Puzzle,2026-08-16
474,ZACK & WIKI: QUEST FOR BARBAROS' TREASURE,Wii,2007,Adventure,2026-08-16
475,ANIMAL CROSSING: AMIIBO FESTIVAL,WiiU,2015,Misc,2026-08-16
476,HYRULE WARRIORS,3DS,2016,Action,2026-08-16
477,OGRE BATTLE 64: PERSON OF LORDLY CALIBER,N64,1999,Role-Playing,2026-08-16
478,THE WONDERFUL 101,WiiU,2013,Action,2026-08-16
479,MARIO NO SUPER PICROSS,SNES,1995,Puzzle,2026-08-16
480,STORY OF SEASONS,3DS,2014,Simulation,2026-08-16
481,ADVANCE WARS: DUAL STRIKE,DS,2005,Strategy,2026-08-16
482,BATTALION WARS,GC,2005,Strategy,2026-08-16
483,RR64: RIDGE RACER 64,N64,1999,Racing,2026-08-16
484,MOTHER 3,GBA,2006,Role-Playing,2026-08-16
485,WII SPORTS CLUB,WiiU,2014,Sports,2026-08-16
486,FIRE EMBLEM: FUUIN NO TSURUGI,GBA,2002,Role-Playing,2026-08-16
487,DONKEY KONGA 2,GC,2004,Misc,2026-08-16
488,MYSTERY CASE FILES: THE MALGRAVE INCIDENT,Wii,2011,Adventure,2026-08-16
489,YOSHI TOUCH & GO,DS,2005,Platform,2026-08-16
490,CUSTOM ROBO V2,N64,2000,Fighting,2026-08-16
491,CHIBI-ROBO! PLUG INTO ADVENTURE!,GC,2005,Adventure,2026-08-16
492,SUPER SOCCER,SNES,1991,Sports,2026-08-16
493,WARIO LAND II (GBC),GB,1998,Platform,2026-08-16
494,ELITE BEAT AGENTS,DS,2006,Misc,2026-08-16
495,POKEMON CHANNEL,GC,2003,Adventure,2026-08-16
496,CUSTOM ROBO,GC,2004,Role-Playing,2026-08-16
497,PAC-MAN WORLD 2,GC,2002,Action,2026-08-16
498,TRAUMA CENTER: UNDER THE KNIFE,DS,2005,Simulation,2026-08-16
499,HAMTARO: HAM-HAM HEARTBREAK,GBA,2002,Action,2026-08-16
500,KIRBY'S DREAM LAND 3,SNES,1997,Platform,2026-08-16
501,TETRISPHERE,N64,1997,Puzzle,2026-08-16
502,TRAUMA CENTER: SECOND OPINION,Wii,2006,Simulation,2026-08-16
503,PICROSS 2,GB,1996,Puzzle,2026-08-16
504,BATTALION WARS 2,Wii,2007,Strategy,2026-08-16
505,FOSSIL FIGHTERS: FRONTIER,3DS,2014,Role-Playing,2026-08-16
506,STAR FOX: ZERO,WiiU,2016,Shooter,2026-08-16
507,STUNT RACE FX,SNES,1993,Racing,2026-08-16
508,ETRIAN ODYSSEY,DS,2007,Role-Playing,2026-08-16
509,CLASSIC NES SERIES: ICE CLIMBER,GBA,2004,Platform,2026-08-16
510,PANDORA'S TOWER,Wii,2011,Role-Playing,2026-08-16
511,PLANET PUZZLE LEAGUE,DS,2007,Puzzle,2026-08-16
512,CLASSIC NES SERIES: CASTLEVANIA,GBA,2004,Platform,2026-08-16
513,CUSTOM ROBO,N64,N/A,Role-Playing,2026-08-16
514,DR. MARIO / PUZZLE LEAGUE,GBA,2005,Puzzle,2026-08-16
515,KIRBY'S BLOCK BALL,GB,1995,Puzzle,2026-08-16
516,MARIO GOLF,GB,1999,Action,2026-08-16
517,DOUBUTSU NO MORI,N64,2001,Simulation,2026-08-16
518,KURUKURU KURURIN,GBA,2001,Puzzle,2026-08-16
519,GAMEBOY GALLERY,GB,1995,Misc,2026-08-16
520,TRAUMA CENTER: NEW BLOOD,Wii,2007,Simulation,2026-08-16
521,NES REMIX,WiiU,2014,Action,2026-08-16
522,RHYTHM TENGOKU,GBA,2006,Misc,2026-08-16
523,FOSSIL FIGHTERS (JP SALES),DS,2008,Role-Playing,2026-08-16
524,GLORY OF HERACLES,DS,2008,Role-Playing,2026-08-16
525,TRACE MEMORY,DS,2005,Adventure,2026-08-16
526,PUNCH-OUT!!,Wii,2007,Sports,2026-08-16
527,THE NEW TETRIS,N64,1999,Puzzle,2026-08-16
528,KEN GRIFFEY JR.'S SLUGFEST,N64,1999,Sports,2026-08-16
529,JUST DANCE WII 2,Wii,2012,Misc,2026-08-16
530,BATTLE & GET! POKEMON TYPING DS,DS,2011,Misc,2026-08-16
531,TALES OF PHANTASIA,GBA,2003,Role-Playing,2026-08-16
532,FINAL FANTASY VI ADVANCE,GBA,2006,Role-Playing,2026-08-16
533,MEGA MAN: DR. WILY'S REVENGE,GB,1991,Platform,2026-08-16
534,MEGA MAN II,GB,1991,Platform,2026-08-16
535,SING PARTY,WiiU,2012,Misc,2026-08-16
536,POKEMON BOX: RUBY & SAPPHIRE,GC,2003,Misc,2026-08-16
537,DONKEY KONG GB: DINKY KONG & DIXIE KONG,GB,2000,Platform,2026-08-16
538,EXCITEBOTS: TRICK RACING,Wii,2009,Racing,2026-08-16
539,MOERO! NEKKETSU RHYTHM DAMASHII: OSU! TATAKAE! OUENDAN! 2,DS,2007,Misc,2026-08-16
540,BATEN KAITOS: ETERNAL WINGS AND THE LOST OCEAN,GC,2003,Role-Playing,2026-08-16
541,COMMAND & CONQUER,N64,1999,Strategy,2026-08-16
542,TOHOKU DAIGAKU KAREI IGAKU KENKYUUSHO - KAWASHIMA RYUUTA KYOUJU KANSHUU - MONO SUGOKU NOU O KITAERU 5-FUNKAN NO ONI TRAINING,3DS,2012,Action,2026-08-16
543,MAGICAL VACATION,GBA,2001,Role-Playing,2026-08-16
544,AMERICA'S TEST KITCHEN: LET'S GET COOKING,DS,2010,Simulation,2026-08-16
545,FIRE EMBLEM: SHIN MONSHOU NO NAZO HIKARI TO KAGE NO EIYUU,DS,2010,Strategy,2026-08-16
546,DS BUNGAKU ZENSHUU,DS,2007,Misc,2026-08-16
547,INAZUMA ELEVEN STRIKERS,Wii,2011,Role-Playing,2026-08-16
548,FINAL FANTASY V ADVANCE,GBA,2006,Role-Playing,2026-08-16
549,POLARIUM,DS,2004,Puzzle,2026-08-16
550,CLASSIC NES SERIES: BOMBERMAN,GBA,2004,Action,2026-08-16
551,FIRE EMBLEM: THRACIA 776,SNES,1999,Strategy,2026-08-16
552,MARIO & SONIC AT THE RIO 2016 OLYMPIC GAMES,WiiU,2016,Action,2026-08-16
553,METROID PRIME PINBALL,DS,2005,Misc,2026-08-16
554,NBA COURTSIDE 2 FEATURING KOBE BRYANT,N64,1999,Sports,2026-08-16
555,FRESHLY-PICKED: TINGLE'S ROSY RUPEELAND,DS,2006,Role-Playing,2026-08-16
556,NBA COURTSIDE 2002,GC,2002,Sports,2026-08-16
557,CLASSIC NES SERIES: EXCITEBIKE,GBA,2004,Racing,2026-08-16
558,CLASSIC NES SERIES: XEVIOUS,GBA,2004,Shooter,2026-08-16
559,DK: KING OF SWING,GBA,2005,Platform,2026-08-16
560,DENSETSU NO STAFI 3,GBA,2004,Platform,2026-08-16
561,CHIBI-ROBO! ZIP LASH,3DS,2015,Platform,2026-08-16
562,GAME & WARIO,WiiU,2013,Misc,2026-08-16
563,NINTENDO PRESENTS: CROSSWORD COLLECTION,DS,2009,Puzzle,2026-08-16
564,GIRLS MODE 3: KIRAKIRA CODE,3DS,2015,Action,2026-08-16
565,METEOS,DS,2005,Puzzle,2026-08-16
566,LAST WINDOW: THE SECRET OF CAPE WEST,DS,2010,Adventure,2026-08-16
567,TETRIS 2 (WEEKLY JP SALES),GB,1992,Puzzle,2026-08-16
568,NARUTO SHIPPUDEN: NINJA COUNCIL 4,DS,2007,Action,2026-08-16
569,SUPER SWING GOLF,Wii,2006,Sports,2026-08-16
570,SUPER R-TYPE,SNES,1991,Shooter,2026-08-16
571,TETRIS ATTACK,GB,1996,Puzzle,2026-08-16
572,HAMTARO: HAM-HAM GAMES,GBA,2004,Sports,2026-08-16
573,KIRBY'S STAR STACKER,GB,1997,Puzzle,2026-08-16
574,SHIN MEGAMI TENSEI X FIRE EMBLEM,WiiU,2015,Role-Playing,2026-08-16
575,DISNEY'S MAGICAL QUEST STARRING MICKEY AND MINNIE,GBA,2002,Action,2026-08-16
576,SPIRIT CAMERA: THE CURSED MEMOIR,3DS,2012,Adventure,2026-08-16
577,YOSHI TOUCH & GO (JP SALES),DS,2005,Platform,2026-08-16
578,CODE NAME: S.T.E.A.M.,3DS,2015,Strategy,2026-08-16
579,ARE YOU SMARTER THAN A 5TH GRADER? BACK TO SCHOOL,Wii,2010,Misc,2026-08-16
580,HEROES OF RUIN,3DS,2012,Role-Playing,2026-08-16
581,SOLATOROBO: RED THE HUNTER,DS,2010,Role-Playing,2026-08-16
582,LITTLE BATTLERS EXPERIENCE: BAKU BOOST,3DS,2012,Action,2026-08-16
583,TRADE & BATTLE: CARD HERO,GB,2000,Strategy,2026-08-16
584,TEKKEN 3D: PRIME EDITION,3DS,2012,Fighting,2026-08-16
585,NINJA GAIDEN 3,WiiU,2012,Action,2026-08-16
586,DISNEY'S MAGICAL MIRROR STARRING MICKEY MOUSE,GC,2002,Adventure,2026-08-16
587,DISNEY MAGIC WORLD 2,3DS,2015,Action,2026-08-16
588,ACTIVE HEALTH WITH CAROL VORDERMAN,DS,2009,Sports,2026-08-16
589,SUDOKU GRIDMASTER (JP SALES),DS,2006,Puzzle,2026-08-16
590,DAIGASSO! BAND BROTHERS,DS,2004,Misc,2026-08-16
591,FACE TRAINING,DS,2007,Misc,2026-08-16
592,MAGICAL STARSIGN (US SALES),DS,2006,Role-Playing,2026-08-16
593,GAMEBOY WARS,GB,1991,Strategy,2026-08-16
594,POKÉMON I CHOOSE YOU / SQUIRTLE SQUAD GAME BOY ADVANCE VIDEO,GBA,2004,Misc,2026-08-16
595,DAIGASSO! BAND BROTHERS P,3DS,2013,Misc,2026-08-16
596,SUDOKU GRIDMASTER,DS,2006,Puzzle,2026-08-16
597,POKÉMON BEACH BLANK-OUT BLASTOISE / GO WEST YOUNG MEOWTH GAME BOY ADVANCE VIDEO,GBA,2004,Misc,2026-08-16
598,CUSTOM ROBO ARENA,DS,2006,Fighting,2026-08-16
599,DENSETSU NO STAFI 4,DS,2006,Platform,2026-08-16
600,STREET FIGHTER ALPHA 2,SNES,1996,Fighting,2026-08-16
601,ITOI SHIGESATO NO BASS TSURI NO. 1,SNES,1997,Sports,2026-08-16
602,CUBIVORE: SURVIVAL OF THE FITTEST,GC,2002,Adventure,2026-08-16
603,TRUE SWING GOLF,DS,2005,Sports,2026-08-16
604,DS RAKUBIKI JITEN,DS,2005,Misc,2026-08-16
605,STARCRAFT 64,N64,2000,Strategy,2026-08-16
606,F-ZERO: GP LEGEND,GBA,2003,Racing,2026-08-16
607,CULDCEPT,3DS,2012,Misc,2026-08-16
608,TETRIS ATTACK,SNES,1995,Puzzle,2026-08-16
609,GEIST,GC,2005,Adventure,2026-08-16
610,OKAERI! CHIBI-ROBO! HAPPY RICHIE OOSOUJI,DS,2009,Adventure,2026-08-16
611,DOSHIN THE GIANT,GC,2002,Simulation,2026-08-16
612,MR. DRILLER: DRILL SPIRITS,DS,2004,Puzzle,2026-08-16
613,MAGNETICA,DS,2006,Puzzle,2026-08-16
614,KORORINPA: MARBLE MANIA,Wii,2006,Puzzle,2026-08-16
615,ILLUSION OF GAIA,SNES,1993,Role-Playing,2026-08-16
616,SIN AND PUNISHMENT,N64,2000,Shooter,2026-08-16
617,POKÉMON: FOR HO-OH THE BELLS TOLL!: GAME BOY ADVANCE VIDEO,GBA,2004,Misc,2026-08-16
618,EYESHIELD 21: MAX DEVIL POWER,DS,2006,Role-Playing,2026-08-16
619,ASH: ARCHAIC SEALED HEAT,DS,2007,Role-Playing,2026-08-16
620,POCKET SOCCER LEAGUE: CALCIOBIT,3DS,2012,Sports,2026-08-16
621,FATAL FRAME: MAIDEN OF BLACK WATER,WiiU,2014,Action,2026-08-16
622,ZANGEKI NO REGINLEIV,Wii,2010,Action,2026-08-16
623,KOUSOKU CARD BATTLE: CARD HERO,DS,2007,Strategy,2026-08-16
624,ODAMA,GC,2006,Misc,2026-08-16
625,SOMA BRINGER,DS,2008,Role-Playing,2026-08-16
626,FAMICOM MINI: FAMICOM TANTEI CLUB - KIETA KOUKEISHA ZENKOUHEN,GBA,2004,Adventure,2026-08-16
627,IROZUKI TINGLE NO KOI NO BALLOON TRIP,DS,2009,Adventure,2026-08-16
628,PICROSS 3D 2,3DS,2015,Puzzle,2026-08-16
629,DYNASTY WARRIORS ADVANCE,GBA,2005,Action,2026-08-16
630,MEGA MAN BATTLE NETWORK 5: DOUBLE TEAM DS (JP SALES),DS,2005,Role-Playing,2026-08-16
631,FATAL FRAME 2: WII EDITION,Wii,2012,Action,2026-08-16
632,MICKEY'S SPEEDWAY USA (WEEKLY JP SALES),N64,2000,Racing,2026-08-16
633,PROJECT HACKER: KAKUSEI,DS,2006,Action,2026-08-16
634,L'AIGLE DE GUERRE,GBA,2001,Strategy,2026-08-16
635,NIHON KEIZAI SHINBUNSHA KANSHUU: SHIRANAI MAMADE WA SON O SURU MONO YA OKANE NO SHIKUMI DS,DS,2009,Misc,2026-08-16
636,FAMICOM MINI: FAMICOM TANTEI CLUB PART II - USHIRO NI TATSU SHOUJO ZENKOUHEN,GBA,2004,Adventure,2026-08-16
637,FAMICOM MINI: MAPPY,GBA,2004,Platform,2026-08-16
638,TOUCH MECHANIC,DS,2008,Simulation,2026-08-16
639,TERRANIGMA,SNES,1995,Role-Playing,2026-08-16
640,BRAIN AGE: CONCENTRATION TRAINING,3DS,2012,Puzzle,2026-08-16
641,POKEMON RUMBLE WORLD,3DS,2015,Action,2026-08-16
642,DISNEY ART ACADEMY,3DS,2016,Action,2026-08-16
643,INAZUMA ELEVEN 3,3DS,2013,Role-Playing,2026-08-16
644,KURIKIN: NANO ISLAND STORY,DS,2007,Role-Playing,2026-08-16
645,TABI NO YUBISASHI KAIWACHOU DS: DS SERIES 4 AMERICA,DS,2006,Misc,2026-08-16
646,JUST DANCE WII U,WiiU,2014,Misc,2026-08-16
647,FAMICOM MINI: FAMICOM MUKASHI BANASHI - SHIN ONIGA SHIMA ZENKOUHEN,GBA,2004,Adventure,2026-08-16
648,FAMICOM MINI: MARIO BROS.,GBA,2004,Platform,2026-08-16
649,ZERO: TSUKIHAMI NO KAMEN,Wii,N/A,Action,2026-08-16
650,FAMICOM MINI: SD GUNDAM WORLD GACHAPON SENSHI - SCRAMBLE WARS,GBA,2004,Strategy,2026-08-16
651,FAMICOM MINI: STAR SOLDIER,GBA,2004,Shooter,2026-08-16
652,MINNA NO JOUSHIKI RYOKU TV,Wii,2008,Misc,2026-08-16
653,DISASTER: DAY OF CRISIS,Wii,2008,Action,2026-08-16
654,FAMICOM MINI: HIKARI SHINWA: PALUTENA NO KAGAMI,GBA,2004,Platform,2026-08-16
655,MEGA MAN BATTLE NETWORK 5: DOUBLE TEAM DS (US SALES),DS,2005,Role-Playing,2026-08-16
656,DS URANAI SEIKATSU,DS,2009,Misc,2026-08-16
657,MAKE 10: A JOURNEY OF NUMBERS,DS,2007,Puzzle,2026-08-16
658,ITOI SHIGESATO NO BASS TSURI NO. 1 KETTEIHAN!,N64,2000,Sports,2026-08-16
659,FAMICOM MINI: NAZO NO MURASAME-JOU,GBA,2004,Action,2026-08-16
660,FAMICOM MINI: WRECKING CREW,GBA,2004,Puzzle,2026-08-16
661,MARIO TENNIS,Wii,2010,Sports,2026-08-16
662,KANJI SONOMAMA DS RAKUBIKI JITEN,DS,2006,Misc,2026-08-16
663,ANOTHER CODE R: A JOURNEY INTO LOST MEMORIES,Wii,2009,Adventure,2026-08-16
664,FAMICOM MINI: BALLOON FIGHT,GBA,2004,Action,2026-08-16
665,OSU! TATAKAE! OUENDAN,DS,2005,Misc,2026-08-16
666,MARIO VS. DONKEY KONG: TIPPING STARS,3DS,2015,Puzzle,2026-08-16
667,DEVIL'S THIRD,WiiU,2015,Action,2026-08-16
668,EIGO DE TABISURU: LITTLE CHARO,DS,2011,Misc,2026-08-16
669,TABI NO YUBISASHI KAIWACHOU DS: DS SERIES 3 KANKOKU,DS,2006,Misc,2026-08-16
670,DANCE DANCE REVOLUTION: MARIO MIX (JP SALES),GC,2005,Simulation,2026-08-16
671,CULDCEPT REVOLT,3DS,2016,Strategy,2026-08-16
672,MAWASHITE TSUNAGERU TOUCH PANIC,DS,2006,Puzzle,2026-08-16
673,TABI NO YUBISASHI KAIWACHOU DS: DS SERIES 2 CHUUGOKU,DS,2006,Misc,2026-08-16
674,QUIZ PARTY,Wii,2012,Misc,2026-08-16
675,WII DE ASOBU CHIBI-ROBO!,Wii,2009,Adventure,2026-08-16
676,TABI NO YUBISASHI KAIWACHOU DS: DS SERIES 1 THAI,DS,2006,Misc,2026-08-16
677,SEKAI NO GOHAN SHABERU! DS ORYOURI NAVI,DS,2008,Misc,2026-08-16
678,MINNA GA SHUYAKU NO NHK KOUHAKU QUIZ KASSEN,Wii,2009,Misc,2026-08-16
679,HANA TO IKIMO NO RITTAI ZUKAN,3DS,2011,Misc,2026-08-16
680,TABI NO YUBISASHI KAIWACHOU DS: DS SERIES 5 DEUTSCH,DS,2006,Misc,2026-08-16
681,FAMICOM MINI: CLU CLU LAND,GBA,2004,Puzzle,2026-08-16
682,FAMICOM REMIX BEST CHOICE,3DS,2015,Action,2026-08-16
683,MAGICAL STARSIGN (JP SALES),DS,2006,Role-Playing,2026-08-16
684,ELECTROPLANKTON,DS,2005,Misc,2026-08-16
685,SUUJIN TAISEN,DS,2007,Strategy,2026-08-16
686,METROID PRIME: FEDERATION FORCE,3DS,2016,Action,2026-08-16
687,EYESHIELD 21: FIELD SAIKYOU NO SENSHI TACHI,Wii,2007,Role-Playing,2026-08-16
688,EYESHIELD 21: DEVILBATS DEVILDAYS,GBA,2006,Role-Playing,2026-08-16
689,CALCIO BIT,GBA,2006,Sports,2026-08-16
690,1000 COOKING RECIPES FROM ELLE À TABLE,DS,2010,Misc,2026-08-16
691,TEDDY TOGETHER,3DS,2016,Simulation,2026-08-16
692,WII DE ASOBU: METROID PRIME,Wii,N/A,Shooter,2026-08-16
693,WII DE ASOBU: METROID PRIME,Wii,N/A,Shooter,2026-08-16
694,OTONA NO RENAI SHOUSETSU: HARLEQUIN SELECTION,DS,2010,Misc,2026-08-16
695,JET IMPULSE,DS,N/A,Simulation,2026-08-16
696,DONKEY KONG JUNGLE BEAT,Wii,2008,Platform,2026-08-16
697,NINTENDOGS AND CATS GOLDEN RETRIEVER AND NEW FRIENDS,3DS,2011,Action,2026-08-16
698,SLIDE ADVENTURE: MAG KID,DS,2007,Action,2026-08-16
699,MARIO VS. DONKEY KONG: TIPPING STARS,WiiU,2015,Puzzle,2026-08-16
700,ART ACADEMY: HOME STUDIO,WiiU,2015,Misc,2026-08-16
701,CAPTAIN RAINBOW,Wii,2008,Adventure,2026-08-16
702,MARIO & LUIGI: PAPER JAM & MARIO KART 7 DOUBLE PACK,3DS,2015,Misc,2026-08-16
